problem,cwe_710,tool_gcc,tool_flawfinder,tool_cppcheck,cwe_707,cwe_682,cwe_664,cwe_284
158,2,2,0,0,0,0,0,0
973,0,0,1,0,0,0,1,0
900,1,1,0,0,0,0,0,0
674,0,0,0,1,0,0,1,0
972,3,3,0,0,0,0,0,0
377,0,0,1,0,1,0,0,0
377,0,0,2,0,0,0,2,0
377,0,0,1,0,0,0,1,0
523,0,0,1,0,0,0,1,0
902,0,0,0,1,0,0,1,0
585,0,3,0,0,0,0,3,0
585,1,1,0,0,0,0,0,0
892,0,0,1,0,0,0,1,0
892,0,0,1,0,0,0,1,0
750,2,2,0,0,0,0,0,0
750,1,1,0,0,0,0,0,0
638,2,2,0,0,0,0,0,0
619,0,0,1,0,0,0,1,0
619,0,0,1,0,0,0,1,0
661,0,0,0,1,0,0,1,0
691,3,3,0,0,0,0,0,0
794,0,0,1,0,1,0,0,0
794,0,0,2,0,0,0,2,0
794,0,0,1,0,0,0,1,0
395,0,0,1,0,0,0,1,0
395,0,0,1,0,0,0,1,0
715,0,0,1,0,0,1,0,0
715,0,0,1,0,0,0,1,0
301,0,0,1,0,0,0,1,0
301,0,0,1,0,0,0,1,0
961,0,0,1,0,0,0,1,0
202,0,0,1,0,0,0,1,0
217,0,0,1,0,0,0,1,0
568,2,2,0,0,0,0,0,0
843,0,0,0,1,0,0,1,0
877,0,0,1,0,0,0,1,0
862,0,0,2,0,0,0,2,0
862,0,0,2,0,0,0,2,0
255,1,1,0,0,0,0,0,0
771,0,0,2,0,0,0,2,0
771,0,0,2,0,0,0,2,0
31,3,3,0,0,0,0,0,0
31,0,16,0,0,0,0,16,0
667,0,0,1,0,1,0,0,0
667,0,0,2,0,0,0,2,0
667,0,0,1,0,0,0,1,0
806,0,0,1,0,0,0,1,0
427,0,0,1,0,0,0,1,0
427,0,0,1,0,0,0,1,0
944,1,1,0,0,0,0,0,0
688,2,2,0,0,0,0,0,0
125,0,0,1,0,1,0,0,0
125,0,0,2,0,0,0,2,0
125,0,0,1,0,0,0,1,0
387,0,0,1,0,1,0,0,0
387,0,0,2,0,0,0,2,0
387,0,0,1,0,0,0,1,0
792,0,1,0,0,0,0,1,0
456,0,0,1,0,0,0,1,0
653,3,3,0,0,0,0,0,0
735,0,0,0,1,0,1,0,0
208,2,2,0,0,0,0,0,0
708,0,0,1,0,0,0,1,0
131,0,0,1,0,0,0,1,0
131,0,0,1,0,0,0,1,0
131,0,0,1,0,0,0,1,0
480,0,0,0,1,0,0,1,0
903,0,0,0,1,0,1,0,0
463,2,2,0,0,0,0,0,0
226,0,1,0,0,0,0,1,0
226,0,1,0,0,0,0,1,0
386,0,0,1,0,0,0,1,0
386,0,0,1,0,0,0,1,0
386,0,0,1,0,0,0,1,0
715,1,1,0,0,0,0,0,0
689,1,1,0,0,0,0,0,0
497,6,6,0,0,0,0,0,0
699,0,0,4,0,0,0,4,0
758,5,5,0,0,0,0,0,0
758,4,4,0,0,0,0,0,0
620,4,4,0,0,0,0,0,0
620,5,5,0,0,0,0,0,0
620,0,2,0,0,0,0,2,0
315,0,0,1,0,0,0,1,0
315,0,0,1,0,0,0,1,0
315,0,0,1,0,0,0,1,0
748,4,4,0,0,0,0,0,0
748,3,3,0,0,0,0,0,0
812,0,0,1,0,0,0,1,0
812,0,0,1,0,0,0,1,0
812,0,0,1,0,0,0,1,0
361,2,2,0,0,0,0,0,0
927,1,1,0,0,0,0,0,0
783,6,6,0,0,0,0,0,0
538,0,0,1,0,0,0,1,0
538,0,0,1,0,0,0,1,0
538,0,0,1,0,0,0,1,0
869,2,2,0,0,0,0,0,0
869,1,1,0,0,0,0,0,0
586,0,0,0,1,0,0,1,0
421,0,0,1,0,0,0,1,0
421,0,0,1,0,0,0,1,0
669,0,0,1,0,1,0,0,0
669,0,0,2,0,0,0,2,0
669,0,0,1,0,0,0,1,0
920,0,0,0,4,0,0,4,0
149,1,1,0,0,0,0,0,0
879,0,0,1,0,0,0,1,0
879,0,0,1,0,0,0,1,0
795,0,0,1,0,0,0,1,0
795,0,0,1,0,0,0,1,0
418,2,2,0,0,0,0,0,0
418,4,4,0,0,0,0,0,0
450,0,0,1,0,0,0,1,0
450,0,0,1,0,0,0,1,0
973,2,2,0,0,0,0,0,0
368,1,1,0,0,0,0,0,0
967,0,0,1,0,1,0,0,0
967,0,0,2,0,0,0,2,0
967,0,0,1,0,0,0,1,0
584,2,2,0,0,0,0,0,0
788,0,0,1,0,0,0,1,0
871,0,0,2,0,0,0,2,0
864,0,0,1,0,0,0,1,0
262,2,2,0,0,0,0,0,0
262,4,4,0,0,0,0,0,0
674,0,0,1,0,0,0,1,0
674,0,0,1,0,0,0,1,0
64,1,1,0,0,0,0,0,0
427,0,6,0,0,0,0,6,0
437,0,4,0,0,0,0,4,0
800,0,0,1,0,0,0,1,0
800,0,0,1,0,0,0,1,0
104,1,1,0,0,0,0,0,0
938,0,0,0,3,0,0,3,0
544,0,0,1,0,0,0,1,0
544,0,0,1,0,0,0,1,0
862,0,2,0,0,0,0,2,0
245,0,0,0,2,0,0,2,0
32,2,2,0,0,0,0,0,0
50,1,1,0,0,0,0,0,0
189,1,1,0,0,0,0,0,0
526,2,2,0,0,0,0,0,0
11,0,0,1,0,1,0,0,0
11,0,0,2,0,0,0,2,0
11,0,0,1,0,0,0,1,0
11,0,0,1,0,0,0,1,0
374,0,0,1,0,0,0,1,0
866,0,0,1,0,1,0,0,0
866,0,0,2,0,0,0,2,0
866,0,0,1,0,0,0,1,0
607,0,0,1,0,0,0,1,0
607,0,0,1,0,0,0,1,0
5,0,2,0,0,0,0,2,0
5,0,2,0,0,0,0,2,0
965,0,0,1,0,0,0,1,0
965,0,0,1,0,0,0,1,0
9,0,0,1,0,0,0,1,0
544,1,1,0,0,0,0,0,0
301,4,4,0,0,0,0,0,0
310,0,0,1,0,1,0,0,0
310,0,0,2,0,0,0,2,0
310,0,0,1,0,0,0,1,0
310,0,0,1,0,0,0,1,0
785,0,0,1,0,0,1,0,0
785,0,0,1,0,0,0,1,0
545,0,0,0,1,0,1,0,0
440,0,0,1,0,0,0,1,0
440,0,0,1,0,0,0,1,0
440,0,0,2,0,0,0,2,0
961,2,2,0,0,0,0,0,0
693,0,0,1,0,0,0,1,0
424,0,0,1,0,0,0,1,0
679,0,0,1,0,0,0,1,0
679,0,0,1,0,0,0,1,0
90,0,0,1,0,0,0,1,0
90,0,0,1,0,0,0,1,0
676,3,3,0,0,0,0,0,0
676,0,1,0,0,0,0,1,0
532,0,0,2,0,0,0,2,0
500,2,2,0,0,0,0,0,0
500,2,2,0,0,0,0,0,0
500,1,1,0,0,0,0,0,0
772,0,0,1,0,0,0,1,0
772,0,0,1,0,0,0,1,0
772,0,0,1,0,0,0,1,0
906,0,0,6,0,0,0,6,0
906,0,0,6,0,0,0,6,0
753,0,1,0,0,0,0,1,0
427,0,0,0,1,0,0,1,0
202,0,1,0,0,0,0,1,0
202,0,1,0,0,0,0,1,0
731,2,2,0,0,0,0,0,0
174,2,2,0,0,0,0,0,0
174,0,3,0,0,0,0,3,0
788,1,1,0,0,0,0,0,0
861,0,0,2,0,0,0,2,0
874,0,0,2,0,0,0,2,0
773,0,0,2,0,0,0,2,0
902,0,2,0,0,0,0,2,0
156,0,0,1,0,0,1,0,0
117,0,1,0,0,0,0,1,0
208,0,0,1,0,0,0,1,0
208,0,0,1,0,0,0,1,0
693,6,6,0,0,0,0,0,0
132,0,0,1,0,0,0,1,0
132,0,0,1,0,0,0,1,0
897,0,0,2,0,2,0,0,0
897,0,0,4,0,0,0,4,0
897,0,0,2,0,0,0,2,0
897,0,0,2,0,0,0,2,0
845,2,2,0,0,0,0,0,0
526,0,0,1,0,0,0,1,0
526,0,0,1,0,0,0,1,0
526,0,0,1,0,0,0,1,0
587,2,2,0,0,0,0,0,0
165,2,2,0,0,0,0,0,0
72,1,0,0,1,0,0,0,0
128,0,0,1,0,0,0,1,0
143,0,1,0,0,0,1,0,0
275,0,0,0,1,0,0,1,0
900,0,0,1,0,0,0,1,0
263,0,0,2,0,2,0,0,0
263,0,0,3,0,0,0,3,0
263,0,0,1,0,0,0,1,0
705,0,0,4,0,0,0,4,0
964,0,0,1,0,0,0,1,0
207,0,0,1,0,0,0,1,0
131,1,1,0,0,0,0,0,0
516,0,0,0,1,0,0,1,0
892,0,0,0,2,0,0,2,0
729,5,5,0,0,0,0,0,0
729,9,9,0,0,0,0,0,0
729,0,1,0,0,0,0,1,0
437,0,0,1,0,0,0,1,0
437,0,0,1,0,0,0,1,0
83,0,0,1,0,1,0,0,0
83,0,0,2,0,0,0,2,0
83,0,0,1,0,0,0,1,0
18,0,0,2,0,2,0,0,0
18,0,0,3,0,0,0,3,0
18,0,0,1,0,0,0,1,0
534,0,0,2,0,0,0,2,0
956,1,1,0,0,0,0,0,0
956,0,2,0,0,0,0,2,0
643,0,0,1,0,0,0,1,0
242,0,0,1,0,0,0,1,0
242,0,0,1,0,0,0,1,0
593,0,0,1,0,0,0,1,0
593,0,0,1,0,0,0,1,0
192,0,0,1,0,1,0,0,0
192,0,0,2,0,0,0,2,0
192,0,0,1,0,0,0,1,0
187,0,0,1,0,0,0,1,0
187,0,0,1,0,0,0,1,0
187,0,0,2,0,0,0,2,0
795,2,2,0,0,0,0,0,0
532,0,1,0,0,0,0,1,0
367,1,1,0,0,0,0,0,0
892,0,6,0,0,0,0,6,0
178,0,0,2,0,0,0,2,0
491,2,2,0,0,0,0,0,0
338,0,0,1,0,0,0,1,0
866,1,1,0,0,0,0,0,0
39,0,0,1,0,1,0,0,0
39,0,0,2,0,0,0,2,0
39,0,0,1,0,0,0,1,0
748,0,0,1,0,0,0,1,0
500,0,0,2,0,0,0,2,0
619,1,1,0,0,0,0,0,0
403,0,0,1,0,1,0,0,0
403,0,0,3,0,0,0,3,0
403,0,0,2,0,0,0,2,0
933,0,0,3,0,0,0,3,0
36,0,0,1,0,0,0,1,0
36,0,0,1,0,0,0,1,0
102,2,2,0,0,0,0,0,0
747,0,0,3,0,0,0,3,0
822,3,3,0,0,0,0,0,0
832,1,1,0,0,0,0,0,0
337,0,0,2,0,0,0,2,0
938,2,2,0,0,0,0,0,0
938,0,3,0,0,0,0,3,0
840,2,2,0,0,0,0,0,0
288,0,0,0,2,0,2,0,0
725,2,2,0,0,0,0,0,0
194,2,2,0,0,0,0,0,0
610,5,5,0,0,0,0,0,0
610,1,1,0,0,0,0,0,0
610,3,3,0,0,0,0,0,0
54,0,0,0,1,0,0,1,0
411,0,0,1,0,0,0,1,0
411,0,0,1,0,0,0,1,0
411,0,0,1,0,0,0,1,0
290,2,2,0,0,0,0,0,0
290,2,2,0,0,0,0,0,0
290,0,1,0,0,0,0,1,0
833,1,1,0,0,0,0,0,0
833,0,1,0,0,0,0,1,0
9,4,4,0,0,0,0,0,0
558,1,1,0,0,0,0,0,0
73,1,1,0,0,0,0,0,0
73,0,2,0,0,0,0,2,0
729,0,0,0,1,0,0,1,0
275,0,2,0,0,0,0,2,0
461,0,0,1,0,0,0,1,0
461,0,0,1,0,0,0,1,0
161,1,1,0,0,0,0,0,0
217,2,2,0,0,0,0,0,0
513,0,0,1,0,0,0,1,0
513,0,0,1,0,0,0,1,0
513,0,0,1,0,0,0,1,0
839,0,0,1,0,0,0,1,0
839,0,0,1,0,0,0,1,0
779,4,4,0,0,0,0,0,0
779,3,3,0,0,0,0,0,0
601,1,1,0,0,0,0,0,0
769,1,1,0,0,0,0,0,0
595,0,0,2,0,0,0,2,0
753,0,0,1,0,0,0,1,0
753,0,0,1,0,0,0,1,0
906,2,2,0,0,0,0,0,0
340,0,1,0,0,0,0,1,0
336,0,0,1,0,1,0,0,0
336,0,0,2,0,0,0,2,0
336,0,0,1,0,0,0,1,0
655,2,2,0,0,0,0,0,0
565,0,0,1,0,0,0,1,0
565,0,0,1,0,0,0,1,0
565,0,0,3,0,0,0,3,0
570,0,0,1,0,0,0,1,0
920,0,1,0,0,0,0,1,0
480,0,1,0,0,0,0,1,0
437,0,0,0,2,0,0,2,0
749,0,0,2,0,0,2,0,0
100,0,0,1,0,1,0,0,0
100,0,0,2,0,0,0,2,0
100,0,0,1,0,0,0,1,0
100,0,0,1,0,0,0,1,0
893,0,3,0,0,0,0,3,0
928,0,0,1,0,1,0,0,0
928,0,0,3,0,0,0,3,0
928,0,0,2,0,0,0,2,0
30,0,0,1,0,0,0,1,0
186,0,0,1,0,0,0,1,0
186,0,0,1,0,0,0,1,0
359,2,2,0,0,0,0,0,0
470,0,0,0,1,0,0,1,0
618,3,3,0,0,0,0,0,0
618,5,5,0,0,0,0,0,0
725,0,0,1,0,0,0,1,0
725,0,0,1,0,0,0,1,0
815,2,2,0,0,0,0,0,0
528,0,2,0,0,0,0,2,0
528,1,1,0,0,0,0,0,0
528,1,1,0,0,0,0,0,0
538,1,1,0,0,0,0,0,0
173,1,1,0,0,0,0,0,0
102,0,0,1,0,0,0,1,0
829,0,0,1,0,1,0,0,0
829,0,0,1,0,0,0,1,0
173,0,0,1,0,0,0,1,0
173,0,0,1,0,0,0,1,0
639,0,0,1,0,0,0,1,0
238,0,0,1,0,0,0,1,0
238,0,0,1,0,0,0,1,0
238,0,0,1,0,0,0,1,0
871,0,0,0,1,0,0,0,1
230,0,0,1,0,0,0,1,0
230,0,0,1,0,0,0,1,0
624,0,0,1,0,0,0,1,0
727,0,0,1,0,0,0,1,0
727,0,0,1,0,0,0,1,0
727,0,0,1,0,0,0,1,0
946,0,0,3,0,0,0,3,0
946,0,0,3,0,0,0,3,0
946,0,0,1,0,0,0,1,0
342,0,1,0,0,0,0,1,0
342,0,1,0,0,0,0,1,0
241,0,0,1,0,0,0,1,0
241,0,0,1,0,0,0,1,0
640,0,0,1,0,0,0,1,0
640,0,0,1,0,0,0,1,0
640,0,0,1,0,0,0,1,0
821,0,0,1,0,0,0,1,0
821,0,0,1,0,0,0,1,0
191,0,0,1,0,1,0,0,0
191,0,0,2,0,0,0,2,0
191,0,0,1,0,0,0,1,0
407,0,0,1,0,0,1,0,0
407,0,0,1,0,0,0,1,0
407,0,0,1,0,0,0,1,0
407,0,0,1,0,0,0,1,0
940,1,1,0,0,0,0,0,0
759,0,0,1,0,0,0,1,0
759,0,0,1,0,0,0,1,0
118,1,1,0,0,0,0,0,0
130,0,0,0,1,0,0,1,0
174,0,0,2,0,0,0,2,0
174,0,0,2,0,0,0,2,0
598,2,2,0,0,0,0,0,0
251,1,1,0,0,0,0,0,0
44,0,0,1,0,0,0,1,0
772,1,1,0,0,0,0,0,0
127,1,1,0,0,0,0,0,0
188,0,0,0,1,0,1,0,0
390,1,1,0,0,0,0,0,0
237,0,0,1,0,1,0,0,0
237,0,0,2,0,0,0,2,0
237,0,0,1,0,0,0,1,0
350,0,0,1,0,0,0,1,0
647,0,0,1,0,0,0,1,0
542,1,1,0,0,0,0,0,0
152,0,0,0,2,0,0,2,0
829,4,4,0,0,0,0,0,0
247,0,0,1,0,0,0,1,0
933,10,10,0,0,0,0,0,0
653,0,0,2,0,0,0,2,0
653,0,0,2,0,0,0,2,0
923,1,1,0,0,0,0,0,0
832,0,0,1,0,0,0,1,0
832,0,0,1,0,0,0,1,0
832,0,0,2,0,0,2,0,0
589,2,2,0,0,0,0,0,0
391,3,3,0,0,0,0,0,0
391,5,5,0,0,0,0,0,0
240,6,6,0,0,0,0,0,0
144,1,1,0,0,0,0,0,0
467,2,2,0,0,0,0,0,0
947,0,0,1,0,0,0,1,0
580,0,3,0,0,0,0,3,0
539,1,1,0,0,0,0,0,0
451,3,3,0,0,0,0,0,0
451,0,1,0,0,0,0,1,0
727,4,4,0,0,0,0,0,0
478,0,0,1,0,0,0,1,0
923,0,0,2,0,2,0,0,0
923,0,0,3,0,0,0,3,0
923,0,0,1,0,0,0,1,0
923,0,0,2,0,0,0,2,0
757,0,0,2,0,0,0,2,0
584,0,0,1,0,0,0,1,0
584,0,0,1,0,0,0,1,0
718,2,2,0,0,0,0,0,0
718,1,1,0,0,0,0,0,0
708,1,1,0,0,0,0,0,0
282,3,3,0,0,0,0,0,0
282,7,7,0,0,0,0,0,0
282,0,1,0,0,0,0,1,0
5,0,0,0,1,1,0,0,0
465,0,0,1,0,0,0,1,0
172,0,0,1,0,0,0,1,0
612,3,3,0,0,0,0,0,0
