problem,cwe_664,tool_flawfinder,tool_cppcheck,cwe_710,tool_gcc
973,1,1,0,0,0
377,1,1,0,0,0
523,1,1,0,0,0
523,1,1,0,0,0
892,1,1,0,0,0
451,1,1,0,0,0
451,5,5,0,0,0
794,1,1,0,0,0
395,1,1,0,0,0
715,1,1,0,0,0
301,2,2,0,0,0
301,1,1,0,0,0
771,1,1,0,0,0
667,1,1,0,0,0
667,1,1,0,0,0
427,2,2,0,0,0
125,1,1,0,0,0
125,2,2,0,0,0
387,1,1,0,0,0
456,1,1,0,0,0
79,1,1,0,0,0
131,1,1,0,0,0
386,1,1,0,0,0
812,3,3,0,0,0
421,3,3,0,0,0
537,1,1,0,0,0
537,1,1,0,0,0
795,1,1,0,0,0
967,1,1,0,0,0
788,2,2,0,0,0
871,2,2,0,0,0
674,4,4,0,0,0
674,2,2,0,0,0
800,1,1,0,0,0
800,1,1,0,0,0
544,3,3,0,0,0
544,2,2,0,0,0
245,2,0,2,0,0
676,3,3,0,0,0
11,1,1,0,0,0
374,1,1,0,0,0
866,1,1,0,0,0
213,4,4,0,0,0
965,1,1,0,0,0
9,2,2,0,0,0
9,1,1,0,0,0
310,1,1,0,0,0
785,1,1,0,0,0
440,3,3,0,0,0
440,1,1,0,0,0
693,1,1,0,0,0
424,1,1,0,0,0
679,1,1,0,0,0
772,1,1,0,0,0
906,6,6,0,0,0
542,3,3,0,0,0
542,2,2,0,0,0
7,1,1,0,0,0
7,1,1,0,0,0
390,1,1,0,0,0
390,1,1,0,0,0
132,1,1,0,0,0
897,2,2,0,0,0
526,1,1,0,0,0
526,1,1,0,0,0
456,2,0,0,0,2
456,4,0,0,0,4
456,4,0,0,0,4
263,4,4,0,0,0
705,2,2,0,0,0
516,1,0,1,0,0
437,1,1,0,0,0
83,1,1,0,0,0
18,1,1,0,0,0
946,0,0,0,2,2
946,1,0,0,0,1
643,2,2,0,0,0
593,1,1,0,0,0
192,1,1,0,0,0
532,2,0,0,0,2
532,2,0,0,0,2
377,0,0,0,2,2
226,3,3,0,0,0
226,1,1,0,0,0
39,1,1,0,0,0
748,2,2,0,0,0
500,2,2,0,0,0
933,4,4,0,0,0
933,3,3,0,0,0
36,1,1,0,0,0
36,1,1,0,0,0
337,2,2,0,0,0
411,2,2,0,0,0
833,1,0,0,0,1
9,2,0,0,0,2
9,2,0,0,0,2
461,1,1,0,0,0
461,2,2,0,0,0
513,3,3,0,0,0
513,1,1,0,0,0
839,4,4,0,0,0
595,2,2,0,0,0
753,4,4,0,0,0
336,1,1,0,0,0
336,2,2,0,0,0
565,1,1,0,0,0
100,1,1,0,0,0
100,1,1,0,0,0
928,7,7,0,0,0
928,1,1,0,0,0
725,1,1,0,0,0
829,1,1,0,0,0
173,1,1,0,0,0
173,1,1,0,0,0
238,1,1,0,0,0
238,2,2,0,0,0
230,2,2,0,0,0
230,1,1,0,0,0
946,3,3,0,0,0
946,1,1,0,0,0
241,2,2,0,0,0
640,1,1,0,0,0
640,1,1,0,0,0
821,3,3,0,0,0
834,1,1,0,0,0
191,1,1,0,0,0
191,2,2,0,0,0
27,2,2,0,0,0
407,1,1,0,0,0
390,0,0,0,1,1
237,2,2,0,0,0
247,1,1,0,0,0
947,1,1,0,0,0
478,1,1,0,0,0
757,2,2,0,0,0
584,1,1,0,0,0
